{"1C Enterprise":-6.116995269555192,"2-Dimensional Array":-7.215607558223301,"4D":-6.522460377663355,"ABAP":-7.908754738783246,"ABAP CDS":-7.215607558223301,"ABNF":-7.908754738783246,"AGS Script":-6.522460377663355,"AIDL":-7.215607558223301,"AL":-6.810142450115136,"AMPL":-7.215607558223301,"API Blueprint":-6.810142450115136,"APL":-6.810142450115136,"ASL":-7.215607558223301,"ASN.1":-7.908754738783246,"ASP.NET":-6.522460377663355,"ATS":-5.711530161447027,"ActionScript":-6.522460377663355,"Adblock Filter List":-6.299316826349146,"Adobe Font Metrics":-6.810142450115136,"Agda":-7.908754738783246,"Alloy":-6.810142450115136,"Alpine Abuild":-7.908754738783246,"Altium Designer":-6.522460377663355,"AngelScript":-7.215607558223301,"Ant Build System":-7.908754738783246,"Antlers":-6.299316826349146,"ApacheConf":-6.522460377663355,"Apex":-6.116995269555192,"Apollo Guidance Computer":-7.908754738783246,"AppleScript":-5.962844589727933,"AsciiDoc":-6.810142450115136,"AspectJ":-7.215607558223301,"Assembly":-5.5108594659848755,"Astro":-7.908754738783246,"Asymptote":-7.215607558223301,"AutoHotkey":-7.908754738783246,"Avro IDL":-7.908754738783246,"Awk":-7.908754738783246,"BASIC":-7.908754738783246,"Ballerina":-6.299316826349146,"Beef":-6.810142450115136,"Befunge":-6.299316826349146,"Berry":-7.215607558223301,"BibTeX":-7.215607558223301,"Bicep":-7.215607558223301,"Bikeshed":-7.215607558223301,"BitBake":-7.215607558223301,"Blade":-7.215607558223301,"BlitzBasic":-6.810142450115136,"BlitzMax":-7.908754738783246,"Bluespec":-7.215607558223301,"Boogie":-6.810142450115136,"Brainfuck":-6.299316826349146,"BrighterScript":-6.810142450115136,"Brightscript":-7.908754738783246,"Browserslist":-7.215607558223301,"C":-3.848311728236827,"C#":-5.82931319710341,"C++":-3.9967317333551002,"CAP CDS":-6.299316826349146,"CIL":-7.215607558223301,"CLIPS":-7.215607558223301,"CMake":-5.962844589727933,"COBOL":-6.522460377663355,"CODEOWNERS":-7.908754738783246,"CSON":-6.522460377663355,"CSS":-7.215607558223301,"CSV":-7.908754738783246,"CUE":-7.215607558223301,"CWeb":-7.215607558223301,"Cabal Config":-6.522460377663355,"Cadence":-6.116995269555192,"Cairo":-6.810142450115136,"CameLIGO":-7.908754738783246,"CartoCSS":-7.908754738783246,"Ceylon":-7.908754738783246,"Chapel":-6.299316826349146,"Charity":-7.908754738783246,"Checksums":-5.018382980887082,"Cirru":-5.269697409167987,"Clarion":-6.522460377663355,"Clarity":-6.810142450115136,"Classic ASP":-7.215607558223301,"Clean":-5.711530161447027,"Click":-7.215607558223301,"Clojure":-5.6061696457892,"Closure Templates":-7.908754738783246,"Cloud Firestore Security Rules":-7.908754738783246,"CoNLL-U":-6.810142450115136,"CodeQL":-6.116995269555192,"CoffeeScript":-5.6061696457892,"ColdFusion":-7.908754738783246,"ColdFusion CFC":-7.215607558223301,"Common Lisp":-5.711530161447027,"Common Workflow Language":-7.908754738783246,"Component Pascal":-7.215607558223301,"Cool":-7.215607558223301,"Coq":-5.34380538132171,"Creole":-7.908754738783246,"Crystal":-6.810142450115136,"Csound":-6.810142450115136,"Csound Document":-6.810142450115136,"Csound Score":-6.810142450115136,"Cuda":-7.215607558223301,"Cue Sheet":-7.215607558223301,"Curry":-7.215607558223301,"Cycript":-7.908754738783246,"D":-5.711530161447027,"DIGITAL Command Language":-6.522460377663355,"DM":-7.908754738783246,"DNS Zone":-7.215607558223301,"DTrace":-6.810142450115136,"Dafny":-7.215607558223301,"Dart":-7.908754738783246,"DataWeave":-6.299316826349146,"Debian Package Control File":-7.215607558223301,"DenizenScript":-7.215607558223301,"Dhall":-7.215607558223301,"Diff":-7.908754738783246,"DirectX 3D File":-7.908754738783246,"Dockerfile":-7.908754738783246,"Dogescript":-7.908754738783246,"E":-5.962844589727933,"E-mail":-7.908754738783246,"EBNF":-6.522460377663355,"ECL":-7.908754738783246,"ECLiPSe":-7.908754738783246,"EJS":-6.299316826349146,"EQ":-6.810142450115136,"Eagle":-7.215607558223301,"Earthly":-7.908754738783246,"Easybuild":-7.908754738783246,"EditorConfig":-7.908754738783246,"Edje Data Collection":-7.908754738783246,"Eiffel":-5.962844589727933,"Elixir":-6.116995269555192,"Elm":-6.810142450115136,"Elvish":-7.908754738783246,"Emacs Lisp":-5.5108594659848755,"EmberScript":-7.908754738783246,"Erlang":-5.269697409167987,"Euphoria":-5.6061696457892,"F#":-5.82931319710341,"FIGlet Font":-7.908754738783246,"FLUX":-6.522460377663355,"Fantom":-7.215607558223301,"Faust":-7.215607558223301,"Fennel":-7.215607558223301,"Filebench WML":-7.908754738783246,"Filterscript":-7.215607558223301,"Fluent":-6.299316826349146,"Formatted":-6.810142450115136,"Forth":-5.136166016543465,"Fortran":-6.299316826349146,"FreeBasic":-6.810142450115136,"FreeMarker":-7.215607558223301,"Frege":-6.522460377663355,"Fstar":-6.810142450115136,"Futhark":-7.908754738783246,"G-code":-6.810142450115136,"GAML":-6.116995269555192,"GAMS":-7.908754738783246,"GAP":-5.711530161447027,"GCC Machine Description":-7.908754738783246,"GDB":-7.215607558223301,"GDScript":-6.522460377663355,"GEDCOM":-7.908754738783246,"GLSL":-5.018382980887082,"GN":-5.5108594659848755,"GSC":-6.116995269555192,"Game Maker Language":-5.5108594659848755,"Gemfile.lock":-7.908754738783246,"Gemini":-7.908754738783246,"Genero":-6.810142450115136,"Genero Forms":-7.908754738783246,"Genie":-6.522460377663355,"Gerber Image":-5.018382980887082,"Gherkin":-7.215607558223301,"Git Attributes":-7.908754738783246,"Git Config":-6.810142450115136,"Git Revision List":-7.908754738783246,"Gleam":-7.215607558223301,"Glyph Bitmap Distribution Format":-7.908754738783246,"Gnuplot":-5.962844589727933,"Go":-6.522460377663355,"Go Checksums":-7.908754738783246,"Go Module":-7.908754738783246,"Golo":-4.612917872778917,"Gosu":-6.299316826349146,"Grace":-7.215607558223301,"Gradle":-7.215607558223301,"Grammatical Framework":-4.195182672078938,"Graph Modeling Language":-6.810142450115136,"GraphQL":-6.522460377663355,"Graphviz (DOT)":-7.215607558223301,"Groovy":-6.116995269555192,"Groovy Server Pages":-6.522460377663355,"HAProxy":-6.522460377663355,"HCL":-6.116995269555192,"HLSL":-6.299316826349146,"HOCON":-7.215607558223301,"HTML":-5.82931319710341,"HTML+ECR":-7.908754738783246,"HTML+EEX":-6.810142450115136,"HTML+ERB":-6.810142450115136,"HTML+Razor":-7.215607558223301,"HXML":-7.215607558223301,"Hack":-4.507557357121091,"Haml":-7.215607558223301,"Handlebars":-7.215607558223301,"Haskell":-6.299316826349146,"HiveQL":-7.215607558223301,"HolyC":-6.299316826349146,"Hy":-6.810142450115136,"HyPhy":-5.82931319710341,"IDL":-6.299316826349146,"IGOR Pro":-6.810142450115136,"INI":-5.423848088995246,"Idris":-7.908754738783246,"Ignore List":-4.964315759616806,"ImageJ Macro":-7.215607558223301,"Inform 7":-7.215607558223301,"Inno Setup":-7.215607558223301,"Ioke":-7.908754738783246,"Isabelle":-7.908754738783246,"Isabelle ROOT":-7.908754738783246,"J":-7.215607558223301,"JAR Manifest":-7.908754738783246,"JFlex":-7.215607558223301,"JSON":-4.576550228608042,"JSON with Comments":-4.730700908435301,"JSON5":-7.215607558223301,"JSONLD":-7.908754738783246,"JSONiq":-7.215607558223301,"Janet":-6.810142450115136,"Jasmin":-5.82931319710341,"Java":-5.6061696457892,"Java Properties":-7.215607558223301,"JavaScript":-4.21987528466931,"JavaScript+ERB":-7.908754738783246,"Jest Snapshot":-7.908754738783246,"JetBrains MPS":-6.810142450115136,"Jinja":-7.215607558223301,"Jison":-6.810142450115136,"Jison Lex":-7.215607558223301,"Jolie":-6.299316826349146,"Jsonnet":-7.908754738783246,"Julia":-7.215607558223301,"Jupyter Notebook":-7.908754738783246,"KRL":-7.908754738783246,"Kaitai Struct":-7.215607558223301,"KakouneScript":-6.810142450115136,"KiCad Layout":-5.136166016543465,"KiCad Legacy Layout":-7.908754738783246,"KiCad Schematic":-5.962844589727933,"Kit":-7.908754738783246,"Kotlin":-7.908754738783246,"Kusto":-6.522460377663355,"LFE":-6.522460377663355,"LOLCODE":-7.908754738783246,"LSL":-7.215607558223301,"LTspice Symbol":-7.908754738783246,"LabVIEW":-5.5108594659848755,"Lark":-6.810142450115136,"Lasso":-6.810142450115136,"Latte":-7.215607558223301,